<?xml version="1.0" encoding="UTF-8"?>
<project-private xmlns="http://www.netbeans.org/ns/project-private/1">
    <editor-bookmarks xmlns="http://www.netbeans.org/ns/editor-bookmarks/2" lastBookmarkId="0"/>
    <open-files xmlns="http://www.netbeans.org/ns/projectui-open-files/2">
        <group>
            <file>file:/home/evinracher/Escritorio/temp/proyecto/src/StartingAgain/StartingAgain.java</file>
            <file>file:/home/evinracher/Escritorio/temp/proyecto/src/StartingAgain/AbstractClass.java</file>
            <file>file:/home/evinracher/Escritorio/temp/proyecto/src/StartingAgain/index.java</file>
            <file>file:/home/evinracher/Escritorio/temp/proyecto/src/StartingAgain/FolderClass.java</file>
            <file>file:/home/evinracher/Escritorio/temp/proyecto/src/StartingAgain/Archivo.java</file>
        </group>
    </open-files>
</project-private>
