<?xml version="1.0" encoding="UTF-8"?>
<project-private xmlns="http://www.netbeans.org/ns/project-private/1">
    <editor-bookmarks xmlns="http://www.netbeans.org/ns/editor-bookmarks/2" lastBookmarkId="0"/>
    <open-files xmlns="http://www.netbeans.org/ns/projectui-open-files/2">
        <group>
            <file>file:/C:/cygwin64/home/danys/st0245Datos/ST0245-033/proyecto/Pruebas/PruebasDaniel/ProyectoFinal/src/hardcorefp/AbstractClass.java</file>
            <file>file:/C:/cygwin64/home/danys/st0245Datos/ST0245-033/proyecto/Pruebas/PruebasDaniel/ProyectoFinal/src/hardcorefp/HardcoreFP.java</file>
            <file>file:/C:/cygwin64/home/danys/st0245Datos/ST0245-033/proyecto/Pruebas/PruebasDaniel/ProyectoFinal/src/hardcorefp/HFPRead.java</file>
            <file>file:/C:/cygwin64/home/danys/st0245Datos/ST0245-033/proyecto/Pruebas/PruebasDaniel/ProyectoFinal/src/hardcorefp/consola.java</file>
            <file>file:/C:/cygwin64/home/danys/st0245Datos/ST0245-033/proyecto/Pruebas/PruebasDaniel/ProyectoFinal/src/hardcorefp/Archivo.java</file>
            <file>file:/C:/cygwin64/home/danys/st0245Datos/ST0245-033/proyecto/Pruebas/PruebasDaniel/ProyectoFinal/src/hardcorefp/Carpeta.java</file>
            <file>file:/C:/cygwin64/home/danys/st0245Datos/ST0245-033/proyecto/Pruebas/PruebasDaniel/ProyectoFinal/src/hardcorefp/index.java</file>
        </group>
    </open-files>
</project-private>
